Post 1,Product
Post 1,Learning
Post 1,Text
Post 1,Technology
Post 1,Job
Post 1,Electronic device
Post 1,Laptop
Post 1,Computer
Post 1,Business
Post 1,Output device
Post 2,Internet meme
Post 2,Photo caption
Post 2,Font
Post 2,Media
Post 2,Photography
Post 2,Smile
Post 3,Animated cartoon
Post 3,Cartoon
Post 3,Animation
Post 3,Photo caption
Post 3,Fictional character
Post 3,Art
Post 4,Portrait
Post 4,Nose
Post 4,Yellow
Post 4,Art
Post 4,Forehead
Post 4,Painting
Post 4,Human
Post 4,Headgear
Post 4,Illustration
Post 4,Neck
Post 5,Text
Post 5,Line
Post 5,Colorfulness
Post 5,Rectangle
Post 5,Screenshot
Post 6,Text
Post 6,Font
Post 6,Pattern
Post 6,Paper
Post 7,Red
Post 7,Blue
Post 7,Text
Post 7,Line
Post 7,Electric blue
Post 7,Font
Post 7,Rectangle
Post 7,Parallel
Post 7,Screenshot
Post 7,Square
Post 8,Text
Post 8,Line
Post 8,Font
Post 8,Design
Post 8,Slope
Post 8,Parallel
Post 8,Number
Post 8,Illustration
Post 9,Text
Post 9,Diagram
Post 9,Line
Post 9,Design
Post 9,Font
Post 9,Pattern
Post 9,Pattern
Post 10,Text
Post 10,Line
Post 10,Font
Post 10,Parallel
Post 10,Rectangle
Post 10,Diagram
Post 11,Font
Post 11,Circle
Post 13,Line
Post 13,Cartoon
Post 13,Parallel
Post 13,Illustration
Post 14,Hair
Post 14,Facial hair
Post 14,Beard
Post 14,Forehead
Post 14,Chin
Post 14,Moustache
Post 14,Hairstyle
Post 14,Jaw
Post 14,Portrait
Post 15,Text
Post 15,Font
Post 15,Screenshot
Post 15,Technology
Post 16,Blue
Post 16,Circle
Post 16,Line
Post 16,Diagram
Post 16,Font
Post 16,Logo
Post 16,Graphics
Post 17,Purple
Post 17,Yellow
Post 17,Text
Post 17,Colorfulness
Post 17,Violet
Post 17,Circle
Post 17,Diagram
Post 18,Text
Post 18,Magenta
Post 18,Purple
Post 18,Circle
Post 18,Violet
Post 18,Colorfulness
Post 18,Pink
Post 18,Diagram
Post 18,Line
Post 18,Graphic design
Post 19,Forehead
Post 19,Chin
Post 19,Official
Post 19,White-collar worker
Post 19,Businessperson
Post 19,Moustache
Post 19,Smile
Post 19,Elder
Post 19,Spokesperson
Post 19,Comb over
Post 20,Text
Post 20,Line
Post 20,Font
Post 20,Screenshot
Post 20,Parallel
Post 20,Number
Post 20,Paper
Post 20,Software
Post 20,Paper product
Post 20,Diagram
Post 21,Map
Post 21,World
Post 21,Ecoregion
Post 21,Atlas
Post 22,Text
Post 22,Green
Post 22,Line
Post 22,Slope
Post 22,Parallel
Post 22,Plot
Post 22,Font
Post 22,Design
Post 22,Diagram
Post 22,Number
Post 23,Text
Post 23,Line
Post 23,Diagram
Post 23,Rectangle
Post 24,Games
Post 24,Photo caption
Post 24,Electronic device
Post 24,Pc game
Post 24,Media
Post 24,Fictional character
Post 25,Text
Post 25,Diagram
Post 25,Font
Post 25,Circle
Post 26,Text
Post 26,Blue
Post 26,Line
Post 26,Plot
Post 26,Parallel
Post 26,Font
Post 26,Colorfulness
Post 26,Rectangle
Post 26,Diagram
Post 26,Square
Post 27,Text
Post 27,Blue
Post 27,Font
Post 27,Line
Post 27,Number
Post 27,Screenshot
Post 27,Parallel
Post 27,Plot
Post 28,Blue
Post 28,Text
Post 28,Electric blue
Post 28,Line
Post 28,Font
Post 28,Parallel
Post 28,Screenshot
Post 29,Aqua
Post 29,Turquoise
Post 29,Blue
Post 29,Circle
Post 29,Teal
Post 29,Turquoise
Post 29,Oval
Post 30,Technology
Post 30,Electronic device
Post 30,Gadget
Post 30,Games
Post 30,Screen
Post 30,Fictional character
Post 30,Display device
Post 30,Media
Post 31,Text
Post 31,Green
Post 31,Organism
Post 31,Leaf
Post 31,Line
Post 31,Font
Post 31,Illustration
Post 32,Circle
Post 32,Diagram
Post 32,Font
Post 32,Colorfulness
Post 32,Logo
Post 32,Screenshot
Post 32,Symbol
Post 32,Graphics
Post 32,Graphic design
Post 34,Text
Post 34,Blue
Post 34,Number
Post 34,Font
Post 34,Line
Post 34,Parallel
Post 34,Icon
Post 35,Text
Post 35,Circle
Post 35,Line
Post 35,Screenshot
Post 35,Colorfulness
Post 35,Font
Post 35,Technology
Post 35,Graphics
Post 35,Logo
Post 35,Parallel
Post 36,Map
Post 36,Ecoregion
Post 36,Atlas
Post 36,World
Post 37,Text
Post 37,Diagram
Post 37,Yellow
Post 37,Circle
Post 37,Font
Post 38,Red
Post 38,Line
Post 38,Parallel
Post 38,Rectangle
Post 38,Pattern
Post 39,Photo caption
Post 39,Forehead
Post 39,Photography
Post 39,Pleased
Post 39,Movie
Post 39,Screenshot
Post 39,Fictional character
Post 39,Internet meme
Post 40,Text
Post 40,Font
Post 40,Line
Post 40,Diagram
Post 40,Parallel
Post 40,Slope
Post 40,Plot
Post 41,Text
Post 41,Line
Post 41,Font
Post 41,Pattern
Post 41,Number
Post 41,Design
Post 41,Parallel
Post 41,Slope
Post 41,Pattern
Post 42,Text
Post 42,Blue
Post 42,Line
Post 42,Plot
Post 42,Font
Post 42,Parallel
Post 42,Slope
Post 42,Diagram
Post 42,Number
Post 42,Column
Post 43,Diagram
Post 43,Colorfulness
Post 43,Line
Post 43,Leaf
Post 43,Circle
Post 43,Logo
Post 43,Plot
Post 43,Graphics
Post 44,Food
Post 44,Custard tart
Post 44,Dish
Post 44,Cuisine
Post 44,Key lime pie
Post 44,Ingredient
Post 44,Baked goods
Post 45,Pink
Post 45,Fur
Post 45,Magenta
Post 45,Font
Post 45,Stuffed toy
Post 45,Plush
Post 45,Neck
Post 45,Feather
Post 45,Fashion accessory
Post 46,Text
Post 46,Colorfulness
Post 46,Line
Post 46,Diagram
Post 46,Screenshot
Post 46,Font
Post 46,Plot
Post 46,Graphic design
Post 46,Parallel
Post 46,Rectangle
Post 47,Text
Post 47,Font
Post 47,Line
Post 47,Rectangle
Post 47,Diagram
Post 47,Parallel
Post 48,Diagram
Post 48,Colorfulness
Post 48,Text
Post 48,Circle
Post 48,Line
Post 48,Design
Post 48,Font
Post 48,Graphic design
Post 48,Parallel
Post 48,Pattern
Post 49,Text
Post 49,Font
Post 49,Diagram
Post 49,Line
Post 49,Circle
Post 50,Blue
Post 50,Diagram
Post 50,Text
Post 50,Logo
Post 50,Line
Post 50,Font
Post 50,Circle
Post 50,Graphics
Post 50,Trademark
Post 50,Brand
Post 51,Diagram
Post 51,Circle
Post 52,World
Post 52,Map
Post 52,Biome
Post 52,Ecoregion
Post 52,Globe
Post 52,Earth
Post 53,Text
Post 53,Line
Post 53,Font
Post 53,Parallel
Post 54,Text
Post 54,Line
Post 54,Font
Post 54,Plot
Post 54,Parallel
Post 54,Slope
Post 54,Diagram
Post 54,Triangle
Post 55,Text
Post 55,Line
Post 55,Diagram
Post 55,Parallel
Post 55,Font
Post 56,Text
Post 56,Line
Post 56,Font
Post 56,Number
Post 56,Parallel
Post 56,Writing
Post 56,Document
Post 57,Cartoon
Post 57,Yellow
Post 57,Text
Post 57,Head
Post 57,Font
Post 57,Illustration
Post 57,Nose
Post 57,Comics
Post 57,Fiction
Post 57,Animated cartoon
Post 58,Text
Post 58,Handwriting
Post 58,Line
Post 58,Parallel
Post 58,Font
Post 58,Number
Post 58,Rectangle
Post 59,Text
Post 59,Line
Post 59,Slope
Post 59,Font
Post 59,Plot
Post 59,Parallel
Post 59,Number
Post 59,Rectangle
Post 60,Photo caption
Post 60,Forehead
Post 60,Photography
Post 60,Pleased
Post 60,Movie
Post 60,Screenshot
Post 60,Fictional character
Post 60,Internet meme
Post 61,Text
Post 61,Orange
Post 61,Line
Post 61,Diagram
Post 61,Font
Post 61,Circle
Post 61,Logo
Post 61,Graphics
Post 61,Brand
Post 62,Text
Post 62,Font
Post 62,Line
Post 62,Pattern
Post 62,Parallel
Post 62,Illustration
Post 63,Map
Post 63,World
Post 63,Ecoregion
Post 64,Line
Post 64,Green
Post 64,Text
Post 64,Plot
Post 64,Diagram
Post 64,Slope
Post 64,Font
Post 64,Parallel
Post 64,Circle
Post 65,Yellow
Post 65,Logo
Post 65,Circle
Post 65,Font
Post 65,Diagram
Post 65,Brand
Post 65,Graphics
Post 66,Text
Post 66,Line
Post 66,Diagram
Post 66,Font
Post 66,Parallel
Post 66,Plot
Post 67,Text
Post 67,Line
Post 67,Parallel
Post 67,Font
Post 67,Plot
Post 67,Slope
Post 68,Text
Post 68,Line
Post 68,Font
Post 68,Design
Post 68,Plot
Post 68,Parallel
Post 68,Screenshot
Post 68,Column
Post 68,Number
Post 69,Map
Post 69,World
Post 69,Art
Post 69,Illustration
Post 69,Graphics
Post 70,Text
Post 70,Font
Post 70,White
Post 70,Line
Post 70,Document
Post 70,Parallel
Post 70,Brand
Post 70,Paper product
Post 70,Paper
Post 70,Logo
Post 71,Text
Post 71,Yellow
Post 71,Line
Post 71,Rectangle
Post 71,Font
Post 71,Magenta
Post 71,Parallel
Post 71,Square
Post 72,Face
Post 72,Facial expression
Post 72,Head
Post 72,Text
Post 72,Skin
Post 72,Nose
Post 72,Chin
Post 72,Photography
Post 72,Neck
Post 72,Smile
Post 73,Line
Post 73,Text
Post 73,Slope
Post 73,Parallel
Post 73,Plot
Post 73,Rectangle
Post 74,Text
Post 74,Line
Post 74,Font
Post 74,Parallel
Post 74,Screenshot
Post 74,Rectangle
Post 74,Diagram
Post 74,Number
Post 75,Diagram
Post 75,Text
Post 75,Line
Post 75,Circle
Post 75,Logo
Post 75,Font
Post 75,Symmetry
Post 75,Graphics
Post 75,Colorfulness
Post 75,Graphic design
Post 76,Text
Post 76,Line
Post 76,Font
Post 76,Parallel
Post 76,Slope
Post 77,Text
Post 77,Circle
Post 78,Blue
Post 78,Circle
Post 78,Diagram
Post 78,Font
Post 78,Colorfulness
Post 78,Symmetry
Post 78,Screenshot
Post 79,Text
Post 79,Line
Post 79,Font
Post 79,Number
Post 79,Parallel
Post 80,Cartoon
Post 80,Yellow
Post 80,Line
Post 80,Animated cartoon
Post 80,Font
Post 80,Illustration
Post 80,Animation
Post 80,Comics
Post 80,Clip art
Post 80,Art
Post 81,Cartoon
Post 81,Yellow
Post 81,Text
Post 81,Head
Post 81,Nose
Post 81,Font
Post 81,Illustration
Post 81,Comics
Post 81,Line
Post 81,Fiction
Post 82,Blue
Post 82,Text
Post 82,Line
Post 82,Plot
Post 82,Font
Post 82,Electric blue
Post 82,Parallel
Post 82,Rectangle
Post 82,Square
Post 83,Map
Post 83,World
Post 83,Ecoregion
Post 83,Illustration
Post 84,Red
Post 84,Text
Post 84,Circle
Post 84,Font
Post 85,Text
Post 85,Line
Post 85,Font
Post 85,Number
Post 85,Parallel
Post 85,Slope
Post 85,Colorfulness
Post 85,Screenshot
Post 86,Font
Post 86,Audio equipment
Post 86,Lens cap
Post 87,Text
Post 87,Blue
Post 87,Line
Post 87,Plot
Post 87,Slope
Post 87,Parallel
Post 87,Design
Post 87,Diagram
Post 87,Font
Post 87,Symmetry
Post 88,Text
Post 88,Line
Post 88,Parallel
Post 88,Diagram
Post 88,Slope
Post 88,Column
Post 89,Diagram
Post 89,Plant
Post 89,Circle
Post 89,Rock
Post 89,Sport venue
Post 90,Text
Post 90,Line
Post 90,Font
Post 90,Slope
Post 90,Plot
Post 90,Parallel
Post 91,Text
Post 91,Font
Post 91,Screenshot
Post 91,Technology
Post 91,Icon
Post 91,Computer icon
Post 92,Orange
Post 92,Quiche
Post 92,Flan
Post 92,Pumpkin pie
Post 92,Dish
Post 92,Food
Post 92,Baked goods
Post 92,Pastry
Post 92,Cuisine
Post 92,Tart
Post 93,Pattern
Post 93,Black-and-white
Post 93,Monochrome
Post 94,Diagram
Post 94,Circle
Post 94,Parallel
Post 95,Skyscraper
Post 95,Metropolitan area
Post 95,City
Post 95,Cityscape
Post 95,Metropolis
Post 95,Urban area
Post 95,Tower block
Post 95,Skyline
Post 95,Human settlement
Post 95,Landmark
Post 96,Text
Post 96,Line
Post 96,Parallel
Post 96,Plot
Post 96,Colorfulness
Post 97,Red
Post 97,Line
Post 97,Text
Post 97,Font
Post 97,Parallel
Post 97,Rectangle
Post 97,Diagram
Post 98,Text
Post 98,Blue
Post 98,Line
Post 98,Font
Post 98,Screenshot
Post 98,Parallel
Post 99,Text
Post 99,Blue
Post 99,Line
Post 99,Font
Post 99,Parallel
Post 99,Diagram
Post 99,Screenshot
Post 99,Plot
Post 100,Text
Post 100,Font
Post 100,Line
Post 100,Number
Post 100,Writing
Post 100,Parallel
Post 100,Document
Post 101,Blue
Post 101,Text
Post 101,Line
Post 101,Azure
Post 101,Font
Post 101,Parallel
Post 102,People
Post 102,Clothing
Post 102,Product
Post 102,Street fashion
Post 102,Fashion
Post 102,T-shirt
Post 102,Shoulder
Post 102,Design
Post 102,Fun
Post 102,Footwear
Post 103,Text
Post 103,Blue
Post 103,Line
Post 103,Font
Post 103,Screenshot
Post 103,Parallel
Post 103,Number
Post 103,Paper
Post 103,Rectangle
Post 103,Wave
Post 104,Cartoon
Post 104,Nose
Post 104,Line
Post 104,Illustration
Post 104,Comics
Post 104,Finger
Post 104,Fictional character
Post 104,Parallel
Post 104,Photo caption
Post 104,Clip art
Post 105,Diagram
Post 105,Text
Post 105,Circle
Post 105,Parallel
Post 106,Green
Post 106,Footwear
Post 106,Fictional character
Post 106,Technology
Post 106,Headgear
Post 106,Font
Post 106,Shoe
Post 106,Photography
Post 106,Cap
Post 107,Orange
Post 107,Diagram
Post 107,Circle
Post 107,Logo
Post 107,Colorfulness
Post 108,Line
Post 108,Text
Post 108,Plot
Post 108,Wave
Post 108,Slope
Post 108,Diagram
Post 108,Design
Post 108,Parallel
Post 108,Pattern
Post 108,Triangle
Post 109,Map
Post 109,World
Post 109,Atlas
Post 109,Illustration
Post 110,Text
Post 110,Arm
Post 110,Physical fitness
Post 110,Muscle
Post 110,Joint
Post 110,Abdomen
Post 110,Photo caption
Post 110,Yoga
Post 110,Hip
Post 111,Red
Post 111,Text
Post 111,Logo
Post 111,Font
Post 111,Pink
Post 111,Graphic design
Post 111,Illustration
Post 111,Graphics
Post 111,Brand
Post 111,Symbol
Post 112,Clip art
Post 112,Graphics
Post 112,Illustration
Post 113,Clip art
Post 113,Line
Post 113,Font
Post 113,Graphics
Post 113,Parallel
Post 113,Logo
Post 114,Text
Post 114,Line
Post 114,Blue
Post 114,Pattern
Post 114,Parallel
Post 114,Slope
Post 114,Design
Post 114,Plot
Post 114,Number
Post 114,Rectangle
Post 115,Blue
Post 115,Text
Post 115,Aqua
Post 115,Circle
Post 115,Azure
Post 115,Diagram
Post 116,Text
Post 116,Product
Post 116,Line
Post 116,Plot
Post 116,Font
Post 116,Parallel
Post 117,Text
Post 117,Font
Post 117,Line
Post 117,Screenshot
Post 118,Map
Post 118,World
Post 119,Text
Post 119,Diagram
Post 119,Line
Post 119,Font
Post 119,Circle
Post 119,Parallel
Post 120,Text
Post 120,Line
Post 120,Parallel
Post 120,Font
Post 120,Slope
Post 120,Diagram
Post 121,Text
Post 121,Line
Post 121,Font
Post 121,Plot
Post 121,Parallel
Post 121,Screenshot
Post 122,Line
Post 122,Font
Post 122,Diagram
Post 122,Parallel
Post 122,Ceiling
Post 123,Blue
Post 123,Diagram
Post 123,Text
Post 123,Circle
Post 123,Line
Post 123,Font
Post 123,Logo
Post 123,Electric blue
Post 123,Parallel
Post 123,Brand
Post 124,Cartoon
Post 124,People
Post 124,Facial expression
Post 124,Text
Post 124,Child
Post 124,Conversation
Post 124,Line
Post 124,Interaction
Post 124,Human
Post 124,Sharing
Post 125,World
Post 125,Map
Post 125,Illustration
Post 125,Black-and-white
Post 126,Text
Post 126,Font
Post 126,Diagram
Post 126,Poster
Post 126,Circle
Post 126,Graphic design
Post 126,Logo
Post 127,Red
Post 127,Text
Post 127,Circle
Post 127,Line
Post 127,Diagram
Post 128,Text
Post 128,Font
Post 128,Line
Post 128,Line art
Post 128,Calligraphy
Post 128,Illustration
Post 128,Photo caption
Post 128,Black-and-white
Post 128,Parallel
Post 128,Art
Post 129,Plant
Post 129,Organism
Post 130,Line
Post 130,Colorfulness
Post 130,Plot
Post 130,Graphic design
Post 130,Diagram
Post 130,Cone
Post 130,Parallel
Post 130,Graphics
Post 131,Text
Post 131,Line
Post 131,Font
Post 131,Parallel
Post 131,Plot
Post 131,Diagram
Post 132,White
Post 132,Text
Post 132,Font
Post 132,Line art
Post 132,Smile
Post 133,Presentation
Post 133,Projection screen
Post 133,Text
Post 133,Public speaking
Post 133,Technology
Post 133,Lecture
Post 133,Event
Post 133,Convention
Post 133,Electronic device
Post 133,Sky
Post 134,Text
Post 134,Diagram
Post 134,Colorfulness
Post 134,Line
Post 134,Font
Post 134,Parallel
Post 134,Circle
Post 134,Logo
Post 135,Text
Post 135,Green
Post 135,Font
Post 135,Product
Post 135,Transport
Post 135,Diagram
Post 135,Line
Post 135,Circle
Post 135,Brand
Post 135,Label
Post 136,Text
Post 136,Line
Post 136,Diagram
Post 136,Plot
Post 136,Font
Post 136,Parallel
Post 136,Slope
Post 137,Text
Post 137,Line
Post 137,Font
Post 137,Yellow
Post 137,Brand
Post 138,Text
Post 138,Line
Post 138,Blue
Post 138,Slope
Post 138,Parallel
Post 138,Design
Post 138,Plot
Post 138,Number
Post 138,Font
Post 138,Rectangle
Post 139,Skin
Post 139,Line
Post 139,Neck
Post 139,Room
Post 139,Triangle
Post 140,Yellow
Post 140,World
Post 140,Gesture
Post 141,Toilet paper
Post 141,Paper
Post 141,Paper product
Post 141,Label
Post 142,Text
Post 142,Line
Post 142,Font
Post 142,Rectangle
Post 142,Diagram
Post 142,Parallel
Post 143,Green
Post 143,Circle
Post 143,Logo
Post 143,Font
Post 143,Diagram
Post 144,Head
Post 144,Text
Post 144,Standing
Post 144,Font
Post 144,Gesture
Post 144,Smile
Post 144,Sign language
Post 145,Fictional character
Post 145,Photo caption
Post 145,Smile
Post 145,T-shirt
Post 146,Movie
Post 146,Fictional character
Post 146,Photo caption
Post 146,Fiction
Post 147,World
Post 147,Map
Post 147,Ecoregion
Post 147,Atlas
Post 148,Face
Post 148,Forehead
Post 148,Head
Post 148,Chin
Post 148,Human
Post 148,Portrait
Post 149,Text
Post 149,Line
Post 149,Slope
Post 149,Plot
Post 149,Parallel
Post 149,Design
Post 149,Pattern
Post 149,Number
Post 149,Square
Post 149,Diagram
Post 150,Cartoon
Post 150,Yellow
Post 150,Text
Post 150,Line
Post 150,Animated cartoon
Post 150,Illustration
Post 150,Font
Post 150,Animation
Post 150,Clip art
Post 150,Art
Post 151,Text
Post 151,Line
Post 151,Diagram
Post 151,Font
Post 151,Graphics
Post 152,Food
Post 152,Custard tart
Post 152,Dish
Post 152,Cuisine
Post 152,Baked goods
Post 152,Key lime pie
Post 152,Ingredient
Post 153,Text
Post 153,Green
Post 153,Font
Post 153,Line
Post 153,Diagram
Post 153,Parallel
Post 153,Design
Post 153,Number
Post 153,Pattern
Post 153,Rectangle
Post 154,Internet meme
Post 154,Photo caption
Post 154,Media
Post 154,Pleased
Post 154,Fictional character
Post 155,Text
Post 155,Font
Post 155,Line
Post 156,Design
Post 156,Pattern
Post 156,Clip art
Post 157,Text
Post 157,World
Post 157,Map
Post 157,Font
Post 157,Illustration
Post 158,Text
Post 158,Line
Post 158,Diagram
Post 158,Parallel
Post 158,Circle
Post 158,Colorfulness
Post 159,Map
Post 159,Ecoregion
Post 160,Text
Post 160,Line
Post 160,World
Post 160,Diagram
Post 160,Illustration
Post 161,Text
Post 161,Red
Post 161,Font
Post 161,Orange
Post 161,Yellow
Post 161,Line
Post 161,Brand
Post 161,Graphics
Post 161,Logo
Post 162,Text
Post 162,World
Post 162,Font
Post 162,Map
Post 162,Illustration
Post 162,Logo
Post 162,Brand
Post 163,Line
Post 163,Font
Post 163,Graphic design
Post 163,Graphics
Post 164,Text
Post 164,Design
Post 164,Font
Post 164,Paper
Post 164,Pattern
Post 164,Diagram
Post 165,Purple
Post 165,Violet
Post 165,Text
Post 165,Circle
Post 165,Font
Post 165,Magenta
Post 165,Logo
Post 166,Text
Post 166,Line
Post 166,Rectangle
Post 166,Square
Post 167,Text
Post 167,Font
Post 167,Line
Post 167,Design
Post 167,Parallel
Post 167,Number
Post 167,Slope
Post 167,Plot
Post 167,Triangle
Post 167,Document
Post 168,Text
Post 168,Circle
Post 168,Line art
Post 169,Text
Post 169,Line
Post 169,Parallel
Post 169,Font
Post 169,Plot
Post 170,Red
Post 170,Circle
Post 170,Diagram
Post 171,Diagram
Post 171,Text
Post 171,Circle
Post 171,Font
Post 171,Plant
Post 172,Triangle
Post 172,Text
Post 172,Triangle
Post 172,Line
Post 172,Diagram
Post 172,Cone
Post 172,Slope
Post 172,Font
Post 172,Parallel
Post 172,Plot
Post 173,Text
Post 173,Blue
Post 173,Line
Post 173,Font
Post 173,Parallel
Post 173,Number
Post 174,Text
Post 174,Blue
Post 174,Line
Post 174,Font
Post 174,Plot
Post 174,Parallel
Post 175,Text
Post 175,Blue
Post 175,Line
Post 175,Font
Post 175,Number
Post 175,Parallel
Post 175,Screenshot
Post 176,Diagram
Post 176,Text
Post 176,Font
Post 176,Company
Post 176,Circle
Post 176,Logo
Post 176,Brand
Post 176,Trademark
Post 177,Map
Post 177,World
Post 177,Atlas
Post 177,Ecoregion
Post 178,Cat
Post 178,Small to medium-sized cats
Post 178,Felidae
Post 178,European shorthair
Post 178,Whiskers
Post 178,Snout
Post 178,Organism
Post 178,Ocicat
Post 178,Carnivore
Post 178,Adaptation
Post 179,Face
Post 179,Eyebrow
Post 179,Forehead
Post 179,Chin
Post 179,Cheek
Post 179,Male
Post 179,Jaw
Post 179,Portrait
Post 179,Neck
Post 179,Smile
Post 180,Text
Post 180,Diagram
Post 180,Font
Post 180,Line
Post 180,Logo
Post 180,Circle
Post 180,Electric blue
Post 180,Company
Post 180,Brand
Post 180,Parallel
Post 181,Text
Post 181,Blue
Post 181,Line
Post 181,Font
Post 181,Parallel
Post 181,Number
Post 181,Screenshot
Post 182,Facial expression
Post 182,Internet meme
Post 182,Photo caption
Post 182,Arm
Post 182,Media
Post 182,Joint
Post 182,Photography
Post 182,Muscle
Post 182,Fun
Post 182,Laugh
Post 183,Line
Post 183,Text
Post 183,Parallel
Post 183,Slope
Post 183,Font
Post 184,Text
Post 184,Font
Post 184,Line
Post 184,Line art
Post 184,Calligraphy
Post 184,Illustration
Post 184,Photo caption
Post 184,Black-and-white
Post 184,Parallel
Post 184,Art
Post 185,Cartoon
Post 185,Nose
Post 185,Line
Post 185,Illustration
Post 185,Finger
Post 185,Comics
Post 185,Fictional character
Post 185,Parallel
Post 185,Photo caption
Post 185,Clip art
Post 186,Yoda
Post 186,Fictional character
Post 186,Photo caption
Post 186,Internet meme
Post 186,Superhero
Post 186,Adaptation
Post 187,Text
Post 187,Line
Post 187,Diagram
Post 187,Rectangle
Post 187,Parallel
Post 187,Colorfulness
Post 187,Plot
Post 187,Square
Post 188,Text
Post 188,Blue
Post 188,Line
Post 188,Font
Post 188,Screenshot
Post 188,Parallel
Post 188,Colorfulness
Post 188,Rectangle
Post 189,Organism
Post 189,Brain
Post 189,Medical imaging
Post 189,Brain
Post 190,Blue
Post 190,Text
Post 190,Line
Post 190,Font
Post 190,Colorfulness
Post 190,Parallel
Post 190,Screenshot
Post 191,Oscilloscope
Post 191,Text
Post 191,Technology
Post 191,Electronic device
Post 191,Electronics
Post 192,Line
Post 192,Text
Post 192,Slope
Post 192,Plot
Post 192,Parallel
Post 192,Font
Post 192,Diagram
Post 192,Circle
Post 193,Text
Post 193,Line art
Post 193,Cartoon
Post 193,Font
Post 193,Design
Post 193,Illustration
Post 193,Parallel
Post 193,Art
Post 194,Text
Post 194,Line
Post 194,Rectangle
Post 194,Parallel
Post 194,Design
Post 194,Font
Post 194,Number
Post 194,Circle
Post 194,Plot
Post 194,Pattern
Post 195,Text
Post 195,Line
Post 195,Parallel
Post 196,Purple
Post 196,Violet
Post 196,Text
Post 196,Circle
Post 196,Line
Post 196,Magenta
Post 196,Colorfulness
Post 197,Text
Post 197,Diagram
Post 197,Line
Post 197,Circle
Post 197,Colorfulness
Post 197,Logo
Post 197,Technology
Post 197,Font
Post 197,Graphic design
Post 197,Graphics
Post 198,Text
Post 198,Font
Post 198,Event
Post 198,Job
Post 198,Smile
Post 198,World
Post 199,Text
Post 199,Line
Post 199,Orange
Post 199,Yellow
Post 199,Clip art
Post 199,Circle
Post 199,Icon
Post 199,Illustration
Post 199,Logo
Post 199,Font
Post 200,Text
Post 200,White
Post 200,Font
Post 200,Line art
Post 200,Line
Post 200,Design
Post 200,Illustration
Post 200,Black-and-white
Post 200,Parallel
Post 200,Monochrome
Post 201,Red
Post 201,Text
Post 201,Circle
Post 201,Font
Post 201,Diagram
Post 202,Diagram
Post 202,Text
Post 202,Line
Post 202,Font
Post 202,Circle
Post 202,Parallel
Post 203,Yellow
Post 203,Font
Post 203,Text
Post 203,Logo
Post 203,Circle
Post 203,Graphic design
Post 203,Brand
Post 203,Technology
Post 203,Animation
Post 203,Graphics
Post 204,Text
Post 204,Diagram
Post 204,Line
Post 204,Plot
Post 204,Parallel
Post 204,Rectangle
Post 205,Red
Post 205,Text
Post 205,Circle
Post 205,Font
Post 205,Pink
Post 205,Brand
Post 205,Diagram
Post 206,Text
Post 206,Blue
Post 206,Line
Post 206,Font
Post 206,Number
Post 206,Parallel
Post 206,Circle
Post 207,Text
Post 207,Font
Post 207,World
Post 207,Job
Post 208,Text
Post 208,Line
Post 208,Diagram
Post 208,Font
Post 208,Plot
Post 208,Slope
Post 209,People
Post 209,Movie
Post 209,Snapshot
Post 209,Screenshot
Post 209,Pc game
Post 209,Fun
Post 209,Human
Post 209,Photography
Post 209,Cool
Post 209,Font
Post 210,Line
Post 210,Slope
Post 210,Parallel
Post 211,Forehead
Post 211,Chin
Post 211,Portrait
Post 211,Official
Post 212,Text
Post 212,Line
Post 212,Font
Post 212,Plot
Post 212,Parallel
Post 212,Colorfulness
Post 212,Diagram
Post 213,Text
Post 213,Line
Post 213,Font
Post 213,Design
Post 213,Parallel
Post 213,Pattern
Post 213,Plot
Post 213,Diagram
Post 213,Slope
Post 213,Circle
Post 214,Orange
Post 214,Diagram
Post 214,Circle
Post 214,Logo
Post 214,Colorfulness
Post 215,World
Post 215,Map
Post 215,Ecoregion
Post 215,Arctic
Post 215,Earth
Post 216,Text
Post 216,White
Post 216,Font
Post 216,Line
Post 216,Rectangle
Post 216,Parallel
Post 216,Number
Post 216,Black-and-white
Post 216,Design
Post 216,Diagram
Post 217,Text
Post 217,Blue
Post 217,Line
Post 217,Plot
Post 217,Parallel
Post 217,Font
Post 217,Colorfulness
Post 218,Text
Post 218,Font
Post 218,Diagram
Post 218,Technology
Post 218,Electronics
Post 218,Electronic device
Post 218,Screenshot
Post 218,Parallel
Post 219,Games
Post 219,Indoor games and sports
Post 219,Dice game
Post 219,Tabletop game
Post 219,Dominoes
Post 219,Recreation
Post 219,Dice
Post 219,Font
Post 219,Number
Post 219,Mahjong
Post 220,Text
Post 220,Blue
Post 220,Line
Post 220,Font
Post 220,Screenshot
Post 220,Parallel
Post 221,Text
Post 221,Font
Post 221,Screenshot
Post 221,Technology
Post 221,Diagram
Post 221,Colorfulness
Post 221,Plot
Post 222,Text
Post 222,Yellow
Post 222,Circle
Post 222,Line
Post 222,Font
Post 222,Diagram
Post 222,Parallel
Post 223,Circle
Post 223,Diagram
Post 223,Line
Post 223,Line art
Post 223,Parallel
Post 224,Forehead
Post 224,White-collar worker
Post 224,Businessperson
Post 224,Official
Post 224,Elder
Post 225,Text
Post 225,Yellow
Post 225,Font
Post 225,Logo
Post 225,Brand
Post 225,Circle
Post 226,Text
Post 226,Cartoon
Post 226,Font
Post 226,Adaptation
Post 226,Fictional character
Post 226,Games
Post 227,Text
Post 227,Blue
Post 227,Line
Post 227,Font
Post 227,Rectangle
Post 227,Parallel
Post 228,Map
Post 228,Ecoregion
Post 228,Water
Post 228,World
Post 228,Line
Post 228,Atlas
Post 229,Pink
Post 229,Close-up
Post 229,Floor
Post 229,Pattern
Post 229,Cosmetics
Post 230,Text
Post 230,Circle
Post 230,Diagram
Post 230,Line
Post 230,Plot
Post 230,Colorfulness
Post 230,Parallel
Post 231,Cartoon
Post 231,Yellow
Post 231,Text
Post 231,Line
Post 231,Illustration
Post 231,Animated cartoon
Post 231,Font
Post 231,Animation
Post 231,Comics
Post 231,Clip art
Post 232,Line
Post 232,Text
Post 232,Circle
Post 232,Plot
Post 232,Diagram
Post 232,Parallel
Post 232,Slope
Post 232,Font
Post 233,Text
Post 233,Blue
Post 233,Line
Post 233,Font
Post 233,Number
Post 233,Parallel
Post 233,Screenshot
Post 233,Slope
Post 234,Text
Post 234,Blue
Post 234,Line
Post 234,Font
Post 234,Parallel
Post 234,Plot
Post 235,Line
Post 235,Text
Post 235,Font
Post 235,Parallel
Post 235,Slope
Post 235,Diagram
Post 236,Text
Post 236,Yellow
Post 236,Circle
Post 236,Line
Post 236,Font
Post 236,Parallel
Post 236,Diagram
Post 236,Logo
Post 237,Text
Post 237,Line
Post 237,Plot
Post 237,Parallel
Post 237,Font
Post 237,Electric blue
Post 237,Diagram
Post 238,Cartoon
Post 238,Animated cartoon
Post 238,Animation
Post 238,Fiction
Post 238,Illustration
Post 238,Art
Post 238,Fictional character
Post 238,Gesture
Post 239,Text
Post 239,Blue
Post 239,Diagram
Post 239,Line
Post 239,Font
Post 239,Parallel
Post 239,Column
Post 239,Plot
Post 240,Red
Post 240,Circle
Post 240,Diagram
Post 241,Blue
Post 241,Logo
Post 241,Circle
Post 241,Diagram
Post 241,Font
Post 241,Brand
Post 241,Graphics
Post 241,Electric blue
Post 242,Water
Post 242,Transparent material
Post 242,Glass
Post 242,Beaker
Post 242,Hand
Post 242,Drinkware
Post 242,Old fashioned glass
Post 242,Finger
Post 242,Shot glass
Post 242,Liquid
Post 243,Font
Post 243,Cylinder
Post 243,Writing implement
Post 243,Stationery
Post 244,Diagram
Post 244,Circle
Post 244,Colorfulness
Post 244,Logo
Post 244,Plot
Post 245,Line
Post 245,Technology
Post 245,Parallel
Post 246,Diagram
Post 246,Text
Post 246,Circle
Post 246,Parallel
Post 247,Earth
Post 247,Planet
Post 247,World
Post 247,Astronomical object
Post 247,Globe
Post 247,Atmosphere
Post 247,Space
Post 248,Face
Post 248,Facial expression
Post 248,Head
Post 248,Text
Post 248,Smile
Post 248,Line art
Post 248,Line
Post 248,Happy
Post 248,Mouth
Post 248,Pleased
Post 249,Map
Post 249,Ecoregion
Post 249,World
Post 249,Atlas
Post 250,Text
Post 250,Font
Post 250,Logo
Post 250,Line
Post 250,Brand
Post 250,Graphics
Post 250,Company
Post 251,Green
Post 251,Text
Post 251,Line
Post 251,Diagram
Post 251,Parallel
Post 251,Font
Post 251,Plot
Post 251,Colorfulness
Post 251,Rectangle
Post 251,Screenshot
Post 252,Text
Post 252,Line
Post 252,Diagram
Post 252,Plot
Post 252,Slope
Post 252,Font
Post 252,Design
Post 252,Parallel
Post 252,Rectangle
Post 252,Pattern
Post 253,Text
Post 253,Line
Post 253,Plot
Post 253,Slope
Post 253,Design
Post 253,Wave
Post 253,Diagram
Post 253,Font
Post 253,Parallel
Post 253,Pattern
Post 254,Map
Post 254,World
Post 254,Ecoregion
Post 255,Text
Post 255,Logo
Post 255,Line
Post 255,Diagram
Post 255,Font
Post 255,Circle
Post 255,Graphics
Post 255,Trademark
Post 255,Brand
Post 256,Red
Post 256,Text
Post 256,Diagram
Post 256,Circle
Post 256,Line
Post 257,Face
Post 257,Forehead
Post 257,Chin
Post 257,Head
Post 257,Cheek
Post 257,Portrait
Post 257,Gentleman
Post 257,Jaw
Post 257,Photography
Post 257,Pleased
Post 258,Map
Post 258,World
Post 258,Atlas
Post 259,Text
Post 259,Logo
Post 259,Font
Post 259,Brand
Post 259,Graphics
Post 259,Label
Post 259,Trademark
Post 260,Green
Post 260,Colorfulness
Post 260,Diagram
Post 260,Circle
Post 260,Line
Post 260,Plot
Post 260,Parallel
Post 260,Symmetry
Post 262,Text
Post 262,Circle
Post 262,Font
Post 262,Diagram
Post 262,Parallel
Post 263,Text
Post 263,Blue
Post 263,Font
Post 263,Screenshot
Post 263,Line
Post 264,Text
Post 264,Font
Post 264,Logo
Post 264,Brand
Post 264,Graphics
Post 265,Nose
Post 265,Felidae
Post 265,Black cat
Post 265,Canidae
Post 265,Whiskers
Post 265,Carnivore
Post 265,Eye
Post 265,Snout
Post 265,Cat
Post 265,Leg
Post 266,Pink
Post 266,Graphic design
Post 266,Font
Post 266,Illustration
Post 266,Design
Post 266,Graphics
Post 266,Logo
Post 266,Magenta
Post 267,Text
Post 267,White
Post 267,Font
Post 267,Line
Post 267,Circle
Post 267,Diagram
Post 267,Line art
Post 268,Text
Post 268,Font
Post 268,Illustration
Post 268,Graphic design
Post 268,Pattern
Post 268,Calligraphy
Post 268,Number
Post 268,Art
Post 268,Graphics
Post 268,New year
Post 269,Male
Post 269,Barechested
Post 269,Human
Post 269,Art model
Post 269,Muscle
Post 269,Drawing
Post 269,Figure drawing
Post 269,Photography
Post 269,Art
Post 269,Chest
Post 270,Blue
Post 270,Display device
Post 270,Majorelle blue
Post 270,Cobalt blue
Post 270,Electric blue
Post 270,Technology
Post 270,Organism
Post 270,Font
Post 270,Electronic device
Post 270,Display advertising
Post 271,Text
Post 271,Illustration
Post 271,Font
Post 271,Pattern
Post 271,Design
Post 271,Visual arts
Post 271,Graphic design
Post 271,Art
Post 271,Number
Post 271,Heart
Post 272,Text
Post 272,Handwriting
Post 272,Font
Post 272,Writing
Post 272,Line
Post 272,Drawing
Post 272,Paper
Post 273,Child
Post 273,Facial expression
Post 273,People
Post 273,Male
Post 273,Father
Post 273,Smile
Post 273,Chin
Post 273,Cheek
Post 273,Arm
Post 273,Forehead
Post 274,Media
Post 274,Event
Post 274,Adaptation
Post 274,Publication
Post 274,Crowd
Post 274,Art
Post 275,Plot
Post 275,Line
Post 275,Parallel
Post 275,Diagram
Post 276,Diagram
Post 276,Text
Post 276,Circle
Post 276,Parallel
Post 277,Media
Post 277,Event
Post 277,Adaptation
Post 277,Publication
Post 277,Crowd
Post 277,Art
Post 278,Green
Post 278,Text
Post 278,Font
Post 278,Number
Post 278,Technology
Post 279,Visual arts
Post 279,Pattern
Post 279,Art
Post 279,Illustration
Post 280,Red
Post 280,Line
Post 280,Parallel
Post 280,Rectangle
Post 280,Pattern
Post 281,Line
Post 281,Text
Post 281,Parallel
Post 281,Slope
Post 281,Font
Post 282,Line
Post 282,Slope
Post 282,Parallel
Post 282,Plot
Post 283,Red
Post 283,Pink
Post 283,Maroon
Post 283,Text
Post 283,Orange
Post 283,Magenta
Post 283,Line
Post 283,Font
Post 283,Sky
Post 283,Carmine
Post 284,Text
Post 284,Line
Post 284,Font
Post 284,Parallel
Post 284,Plot
Post 285,Cartoon
Post 285,Illustration
Post 285,Line
Post 285,Organism
Post 285,Symmetry
Post 285,Graphic design
Post 285,Art
Post 285,Visual arts
Post 285,Circle
Post 286,Text
Post 286,Line
Post 286,Font
Post 286,Number
Post 286,Parallel
Post 286,Slope
Post 287,Text
Post 287,Line
Post 287,Font
Post 287,Parallel
Post 287,Rectangle
Post 288,Text
Post 288,Line
Post 288,Font
Post 288,Parallel
Post 288,Circle
Post 288,Slope
Post 288,Diagram
Post 289,Text
Post 289,Line
Post 289,Font
Post 289,Number
Post 289,Parallel
Post 289,Document
Post 290,Circle
Post 291,Dish
Post 291,Cuisine
Post 291,Food
Post 291,Ingredient
Post 291,Recipe
Post 291,Pizza
Post 291,Produce
Post 291,Italian food
Post 291,Indian cuisine
Post 292,Child
Post 293,Standing
Post 293,Uniform
Post 293,Sportswear
Post 293,Fictional character
Post 294,Pattern
Post 294,Art
Post 295,Text
Post 295,Colorfulness
Post 295,Circle
Post 295,Diagram
Post 295,Line
Post 295,Font
Post 295,Parallel
Post 295,Graphic design
Post 296,Protest
Post 296,Public event
Post 296,Event
Post 296,Tree
Post 296,Adaptation
Post 296,Social work
Post 296,Banner
Post 296,Demonstration
Post 296,Recreation
Post 296,Plant
Post 297,Text
Post 297,Line
Post 297,Diagram
Post 297,Font
Post 297,Parallel
Post 298,Diagram
Post 298,Colorfulness
Post 298,Line
Post 298,Plot
Post 298,Circle
Post 298,Parallel
Post 299,Diagram
Post 299,Text
Post 299,Circle
Post 299,Parallel
Post 300,Text
Post 300,Line
Post 300,Parallel
Post 300,Rectangle
Post 300,Diagram
Post 300,Plot
Post 301,Product
Post 301,Hand
Post 301,Finger
Post 301,Close-up
Post 301,Gadget
Post 301,Arm
Post 301,Font
Post 301,Technology
Post 301,Audio equipment
Post 301,Nail
Post 302,Line art
Post 302,Text
Post 302,Line
Post 302,Font
Post 302,Parallel
Post 302,Diagram
Post 303,Red
Post 303,Text
Post 303,Circle
Post 303,Font
Post 304,Diagram
Post 304,Product
Post 304,Text
Post 304,Circle
Post 304,Font
Post 304,Brand
Post 305,Text
Post 305,Line
Post 305,Font
Post 305,Diagram
Post 305,Parallel
Post 306,Visual arts
Post 306,Textile
Post 306,Art
Post 306,Pattern
Post 307,Line
Post 307,Text
Post 307,Plot
Post 307,Slope
Post 307,Parallel
Post 307,Diagram
Post 307,Font
Post 307,Circle
Post 308,Text
Post 308,Line
Post 308,Plot
Post 308,Diagram
Post 308,Font
Post 308,Slope
Post 308,Wave
Post 308,Parallel
Post 309,Text
Post 309,Line
Post 309,Slope
Post 309,Parallel
Post 309,Plot
Post 309,Font
Post 309,Number
Post 310,Text
Post 310,Diagram
Post 310,Font
Post 310,Circle
Post 310,Brand
Post 310,Logo
Post 311,Green
Post 311,Text
Post 311,Line
Post 311,Font
Post 311,Parallel
Post 311,Number
Post 312,Product
Post 312,Diagram
Post 312,Text
Post 312,Circle
Post 312,Font
Post 312,Design
Post 312,Label
Post 312,Brand
Post 313,Red
Post 313,Text
Post 313,Circle
Post 313,Font
Post 313,Diagram
Post 314,Visual arts
Post 314,Textile
Post 314,Painting
Post 314,Art
Post 314,Acrylic paint
Post 315,Text
Post 315,Line
Post 315,Paper product
Post 315,Rectangle
Post 316,Text
Post 316,Line
Post 316,Design
Post 316,Font
Post 316,Number
Post 316,Pattern
Post 316,Square
Post 316,Parallel
Post 317,Logo
Post 317,Text
Post 317,Font
Post 317,Brand
Post 317,Azure
Post 317,Graphics
Post 317,Line
Post 317,Trademark
Post 317,Company
Post 317,Artwork
Post 318,Text
Post 318,Font
Post 318,Screenshot
Post 318,Technology
Post 318,Electronic device
Post 318,Audio equipment
Post 318,Multimedia
Post 319,Black
Post 319,Red
Post 319,Font
Post 319,Line
Post 319,Text
Post 319,Graphics
Post 319,Graphic design
Post 319,Parallel
Post 320,Red
Post 320,Text
Post 320,Line
Post 320,Circle
Post 320,Font
Post 321,Pizza
Post 321,Food
Post 321,Dish
Post 321,Cuisine
Post 321,Pizza cheese
Post 321,California-style pizza
Post 321,Ingredient
Post 321,Pepperoni
Post 321,Italian food
Post 321,Flatbread
Post 322,Textile
Post 322,Pattern
Post 322,Visual arts
Post 322,Plant
Post 322,Art
Post 323,Green
Post 323,Font
Post 323,Text
Post 323,Yellow
Post 323,Line
Post 323,Graphic design
Post 323,Brand
Post 323,Graphics
Post 323,Logo
Post 323,Colorfulness
Post 324,Text
Post 324,Product
Post 324,Diagram
Post 324,Font
Post 324,Line
Post 324,Organism
Post 324,Circle
Post 324,Graphics
Post 324,Graphic design
Post 324,Illustration
Post 325,Text
Post 325,Diagram
Post 325,Circle
Post 325,Line
Post 326,Text
Post 326,Diagram
Post 326,Circle
Post 326,Parallel
Post 327,Text
Post 327,Line
Post 327,Diagram
Post 327,Font
Post 328,Diagram
Post 328,Line
Post 328,Colorfulness
Post 328,Plot
Post 328,Circle
Post 328,Parallel
Post 328,Slope
Post 329,Text
Post 329,Circle
Post 330,Cartoon
Post 330,Yellow
Post 330,Text
Post 330,Line
Post 330,Illustration
Post 330,Font
Post 330,Snout
Post 330,Organism
Post 330,Animated cartoon
Post 330,Clip art
Post 331,Text
Post 331,Font
Post 331,Meat
Post 331,Flesh
Post 331,Jaw
Post 331,Back bacon
Post 331,Red meat
Post 331,Chorizo
Post 331,Food
Post 331,Sausage
Post 332,Font
Post 332,Diagram
Post 333,Pattern
Post 333,Line
Post 333,Rectangle
Post 333,Square
Post 333,Symmetry
Post 334,Cartoon
Post 334,Facial expression
Post 334,Animated cartoon
Post 334,Anime
Post 334,Organism
Post 334,Fictional character
Post 334,Mouth
Post 334,Jaw
Post 334,Fiction
Post 334,Photo caption
Post 335,Text
Post 335,Line
Post 335,Parallel
Post 335,Font
Post 335,Plot
Post 335,Number
Post 335,Rectangle
Post 335,Pattern
Post 335,Square
Post 335,Diagram
Post 336,Text
Post 336,Line
Post 336,Plot
Post 336,Slope
Post 336,Diagram
Post 336,Parallel
Post 336,Font
Post 336,Design
Post 336,Triangle
Post 336,Number
Post 337,Red
Post 337,Circle
Post 337,Diagram
Post 338,Blue
Post 338,Circle
Post 338,Turquoise
Post 338,Azure
Post 338,Electric blue
Post 338,Sphere
Post 339,Text
Post 339,Diagram
Post 339,Line
Post 339,Circle
Post 339,Font
Post 339,Parallel
Post 339,Colorfulness
Post 339,Logo
Post 340,Green
Post 340,Text
Post 340,Line
Post 340,Diagram
Post 340,Font
Post 340,Parallel
Post 340,Slope
Post 340,Screenshot
Post 341,Face
Post 341,Forehead
Post 341,Chin
Post 341,Portrait
Post 341,Official
Post 342,Text
Post 342,Line
Post 342,Blue
Post 342,Parallel
Post 342,Slope
Post 342,Number
Post 342,Font
Post 342,Plot
Post 342,Design
Post 342,Rectangle
Post 343,Diagram
Post 343,Text
Post 343,Circle
Post 343,Parallel
Post 344,Clothing
Post 344,Street fashion
Post 344,Shoulder
Post 344,Plaid
Post 344,Product
Post 344,Fashion
Post 344,Shirt
Post 344,Pattern
Post 344,T-shirt
Post 344,Design
Post 345,Text
Post 345,Font
Post 345,Line
Post 346,Text
Post 346,Circle
Post 346,Diagram
Post 346,Line
Post 346,Font
Post 346,Parallel
Post 347,Text
Post 347,Line
Post 347,Parallel
Post 347,Diagram
Post 347,Font
Post 347,Plot
Post 347,Rectangle
Post 347,Slope
Post 348,Green
Post 348,Text
Post 348,Circle
Post 348,Yellow
Post 348,Font
Post 348,Diagram
Post 348,Colorfulness
Post 348,Logo
Post 349,Text
Post 349,Line
Post 349,Blue
Post 349,Font
Post 349,Parallel
Post 349,Screenshot
Post 349,Number
Post 349,Plot
Post 349,Slope
Post 350,Blue
Post 350,Diagram
Post 350,Text
Post 350,Circle
Post 350,Font
Post 350,Parallel
Post 351,Text
Post 351,Font
Post 351,Line
Post 351,Number
Post 351,Writing
Post 351,Parallel
Post 352,Text
Post 352,Line
Post 352,Plot
Post 352,Slope
Post 352,Parallel
Post 352,Diagram
Post 352,Rectangle
Post 353,World
Post 353,Map
Post 353,Illustration
Post 354,Sitting
Post 354,Smile
Post 355,Red
Post 355,Diagram
Post 355,Text
Post 355,Line
Post 355,Font
Post 355,Circle
Post 355,Graphic design
Post 355,Graphics
Post 355,Logo
Post 355,Colorfulness
Post 356,Text
Post 356,Line
Post 356,Font
Post 356,Parallel
Post 356,Document
Post 357,Text
Post 357,Line
Post 357,Font
Post 357,Diagram
Post 357,Colorfulness
Post 357,Circle
Post 357,Plot
Post 357,Graphic design
Post 357,Parallel
Post 358,Natural landscape
Post 358,Nature
Post 358,Tree
Post 358,Sky
Post 358,Arbor day
Post 358,Morning
Post 358,Text
Post 358,Adaptation
Post 358,Woody plant
Post 358,Plant
Post 359,Line
Post 359,Text
Post 359,Slope
Post 359,Diagram
Post 359,Parallel
Post 359,Plot
Post 359,Design
Post 359,Font
Post 359,Rectangle
Post 360,Line
Post 360,Text
Post 360,Font
Post 360,Parallel
Post 360,Graphic design
Post 361,Cartoon
Post 361,Animated cartoon
Post 361,Nose
Post 361,Line
Post 361,Animation
Post 361,Fictional character
Post 362,Face
Post 362,Nose
Post 362,Cheek
Post 362,Portrait
Post 363,Text
Post 363,Line
Post 363,Diagram
Post 363,Font
Post 363,Colorfulness
Post 363,Graphic design
Post 363,Circle
Post 363,Parallel
Post 364,Text
Post 364,Line
Post 364,Plot
Post 364,Parallel
Post 364,Slope
Post 364,Font
Post 364,Rectangle
Post 364,Number
Post 364,Triangle
Post 364,Circle
Post 365,Water
Post 365,Swimming pool
Post 365,Leisure
Post 365,Sunlounger
Post 365,Fun
Post 366,Event
Post 367,Text
Post 367,Line
Post 367,Parallel
Post 367,Font
Post 368,Yellow
Post 368,Text
Post 368,Circle
Post 368,Diagram
Post 368,Font
Post 369,Graphic design
Post 369,Line
Post 369,Diagram
Post 369,Circle
Post 369,Graphics
Post 369,Illustration
Post 369,Screenshot
Post 370,Text
Post 370,Font
Post 370,Screenshot
Post 370,Graphic design
Post 370,Design
Post 370,Web page
Post 370,Colorfulness
Post 370,Technology
Post 370,Logo
Post 370,Website
Post 371,Text
Post 371,Font
Post 371,Technology
Post 371,Screenshot
Post 371,Electronic device
Post 372,Colorfulness
Post 372,Diagram
Post 372,Line
Post 372,Circle
Post 372,Graphic design
Post 372,Plot
Post 372,Symmetry
Post 372,Parallel
Post 372,Graphics
Post 372,Logo
Post 373,Purple
Post 373,Text
Post 373,Cylinder
Post 373,Line
Post 373,Diagram
Post 373,Parallel
Post 373,Colorfulness
Post 374,Map
Post 374,Text
Post 374,Yellow
Post 374,Organism
Post 374,World
Post 374,Font
Post 374,Ecoregion
Post 374,Cartoon
Post 374,Atlas
Post 374,Line
Post 375,Poster
Post 375,Yellow
Post 375,Font
Post 375,Advertising
Post 375,Album cover
Post 375,Illustration
Post 376,Font
Post 376,Text
Post 376,Banner
Post 376,Logo
Post 376,Brand
Post 376,Advertising
Post 377,Text
Post 377,Line
Post 377,Font
Post 377,Parallel
Post 377,Slope
Post 377,Number
Post 377,Plot
Post 378,Text
Post 378,Font
Post 378,Line
Post 378,Number
Post 379,Line
Post 379,Text
Post 379,Diagram
Post 379,Plot
Post 379,Font
Post 379,Parallel
Post 380,Line
Post 380,Text
Post 380,Slope
Post 380,Parallel
Post 380,Rectangle
Post 381,Lady
Post 381,Human body
Post 381,Dress
Post 381,Ceremony
Post 381,Night
Post 381,Flower
Post 381,Performance
Post 381,Art
Post 382,Text
Post 382,Red
Post 382,Font
Post 382,Product
Post 382,Logo
Post 382,Line
Post 382,Brand
Post 382,Signage
Post 382,Graphics
Post 382,Graphic design
Post 383,Circle
Post 383,Diagram
Post 384,Line
Post 384,Map
Post 384,World
Post 385,Skin
Post 385,Temporary tattoo
Post 385,Finger
Post 385,Hand
Post 385,Arm
Post 385,Tattoo
Post 385,Material property
Post 385,Font
Post 385,Nail
Post 385,Cosmetics
Post 386,Text
Post 386,Line
Post 386,Plot
Post 386,Diagram
Post 386,Font
Post 387,Text
Post 387,Line
Post 387,Slope
Post 387,Plot
Post 387,Design
Post 387,Parallel
Post 387,Pattern
Post 387,Number
Post 388,Text
Post 388,Purple
Post 388,Magenta
Post 389,Text
Post 389,Line
Post 389,Font
Post 389,Screenshot
Post 390,Blue
Post 390,Text
Post 390,Circle
Post 390,Parallel
Post 391,Red
Post 391,Circle
Post 392,Text
Post 392,Font
Post 392,Line
Post 392,Logo
Post 392,Brand
Post 392,Graphics
Post 393,Text
Post 393,Line
Post 393,Map
Post 393,Font
Post 394,Text
Post 394,Diagram
Post 394,Circle
Post 394,Font
Post 394,Technology
Post 394,Label
Post 396,Text
Post 396,Diagram
Post 396,Circle
Post 396,Font
Post 396,Colorfulness
Post 397,Black
Post 397,Text
Post 397,Font
Post 397,Line
Post 398,Text
Post 398,Line
Post 398,Font
Post 398,Logo
Post 398,Design
Post 398,Graphics
Post 398,Graphic design
Post 398,Brand
Post 398,Diagram
Post 398,Parallel
Post 399,Text
Post 399,Font
Post 399,Line
Post 399,Diagram
Post 399,Parallel
Post 400,Plot
Post 400,Line
Post 400,Graphic design
Post 400,Colorfulness
Post 400,Diagram
Post 401,Text
Post 401,Line
Post 401,Font
Post 401,Diagram
Post 401,Design
Post 401,Parallel
Post 401,Circle
Post 401,Slope
Post 401,Illustration
Post 401,Rectangle
Post 402,Photo caption
Post 402,Music
Post 402,Violin
Post 402,Bowed string instrument
Post 403,Text
Post 403,Line
Post 403,Organism
Post 403,Plant
Post 404,Text
Post 404,Coloring book
Post 404,Font
Post 404,Line art
Post 405,Red
Post 405,Text
Post 405,Diagram
Post 405,Font
Post 405,Circle
Post 405,Colorfulness
Post 406,Text
Post 406,Line
Post 406,Diagram
Post 406,Plot
Post 406,Slope
Post 406,Font
Post 406,Design
Post 406,Parallel
Post 406,Rectangle
Post 406,Pattern
Post 407,Text
Post 407,Blue
Post 407,Line
Post 407,Plot
Post 407,Font
Post 407,Parallel
Post 407,Number
Post 407,Diagram
Post 407,Screenshot
Post 408,Yellow
Post 408,Text
Post 408,Diagram
Post 408,Circle
Post 408,Font
Post 409,Blue
Post 409,Text
Post 409,Line
Post 409,Font
Post 409,Parallel
Post 409,Square
Post 409,Rectangle
Post 409,Screenshot
Post 410,Text
Post 410,Line
Post 410,Parallel
Post 410,Font
Post 410,Number
Post 410,Rectangle
Post 410,Plot
Post 410,Pattern
Post 410,Slope
Post 410,Square
Post 411,Text
Post 411,Blue
Post 411,Line
Post 411,Font
Post 411,Parallel
Post 411,Colorfulness
Post 412,Text
Post 412,Yellow
Post 412,Font
Post 412,Logo
Post 412,Brand
Post 412,Graphic design
Post 412,Graphics
Post 413,Green
Post 413,Purple
Post 413,Logo
Post 413,Diagram
Post 413,Font
Post 413,Line
Post 413,Circle
Post 413,Graphics
Post 413,Magenta
Post 413,Graphic design
Post 414,Face
Post 414,Forehead
Post 414,Chin
Post 414,Portrait
Post 414,Official
Post 415,Text
Post 415,Line
Post 415,Font
Post 415,Screenshot
Post 415,Parallel
Post 415,Plot
Post 416,Text
Post 416,Yellow
Post 416,Ecoregion
Post 416,World
Post 416,Map
Post 416,Line
Post 416,Organism
Post 416,Font
Post 416,Adaptation
Post 416,Parallel
Post 417,Green
Post 417,Circle
Post 417,Diagram
Post 417,Colorfulness
Post 417,Parallel
Post 418,Gentleman
Post 418,Male
Post 418,Suit
Post 418,Human
Post 418,Headgear
Post 418,Outerwear
Post 418,White-collar worker
Post 418,Dress shirt
Post 418,Photography
Post 418,Hat
Post 419,Text
Post 419,Blue
Post 419,Line
Post 419,Font
Post 419,Diagram
Post 419,Plot
Post 419,Number
Post 419,Parallel
Post 419,Slope
Post 420,Text
Post 420,White
Post 420,Font
Post 420,Line
Post 420,Diagram
Post 420,Design
Post 420,Line art
Post 420,Parallel
Post 420,Rectangle
Post 420,Black-and-white
Post 421,Text
Post 421,Circle
Post 421,Font
Post 421,Parallel
Post 422,Line
Post 422,Drawing
Post 422,Sky
Post 422,Branch
Post 422,Tree
Post 422,Twig
Post 422,Plant
Post 423,Text
Post 423,White
Post 423,Font
Post 423,Line
Post 423,Rectangle
Post 423,Parallel
Post 423,Number
Post 423,Black-and-white
Post 423,Design
Post 423,Diagram
Post 424,Text
Post 424,Font
Post 424,Line
Post 424,Number
Post 424,Writing
Post 424,Parallel
Post 424,Document
Post 425,Cartoon
Post 425,Yellow
Post 425,Text
Post 425,Illustration
Post 425,Line
Post 425,Font
Post 425,Snout
Post 425,Organism
Post 425,Animated cartoon
Post 425,Fiction
Post 426,Text
Post 426,Line
Post 426,Font
Post 426,Parallel
Post 427,People
Post 427,Child
Post 427,Play
Post 427,Photography
Post 427,Team
Post 427,Gesture
Post 428,Text
Post 428,Line
Post 428,Parallel
Post 428,Font
Post 428,Slope
Post 428,Plot
Post 428,Drawing
Post 429,Text
Post 429,Line
Post 429,Font
Post 429,Parallel
Post 429,Slope
Post 430,World
Post 430,Map
Post 431,Map
Post 431,Ecoregion
Post 431,World
Post 431,Atlas
Post 431,Continental shelf
Post 432,Text
Post 432,Product
Post 432,Diagram
Post 432,Circle
Post 432,Font
Post 432,Brand
Post 433,Text
Post 433,Circle
Post 433,Font
Post 433,Diagram
Post 433,Colorfulness
Post 433,Graphic design
Post 433,Logo
Post 434,Text
Post 434,Drawing
Post 434,Design
Post 434,Pattern
Post 434,Font
Post 434,Pattern
Post 434,Paper
Post 434,Sketch
Post 434,Paper product
Post 434,Duck
Post 435,Yellow
Post 435,Text
Post 435,Line
Post 435,Font
Post 435,Circle
Post 435,Parallel
Post 436,Blue
Post 436,Text
Post 436,Cobalt blue
Post 436,Circle
Post 436,Font
Post 436,Electric blue
Post 437,Text
Post 437,Font
Post 437,Design
Post 437,Technology
Post 437,Electronic device
Post 438,Cartoon
Post 438,Illustration
Post 438,Graphic design
Post 438,Clip art
Post 438,Art
Post 438,Colorfulness
Post 438,Graphics
Post 438,Fictional character
Post 439,Text
Post 439,Line
Post 439,Plot
Post 439,Slope
Post 439,Font
Post 439,Parallel
Post 439,Circle
Post 440,Orange
Post 440,Text
Post 440,Font
Post 440,Sky
Post 440,Astronomical object
Post 440,Star
Post 440,Animation
Post 440,Illustration
Post 440,Space
Post 440,Logo
Post 442,Bird
Post 442,Beak
Post 442,Water bird
Post 442,Seabird
Post 442,Goose
Post 442,Gull
Post 443,Cartoon
Post 443,Animated cartoon
Post 443,Line
Post 443,Fictional character
Post 443,Font
Post 443,Animation
Post 444,Line
Post 444,Text
Post 444,Parallel
Post 444,Slope
Post 444,Plot
Post 445,Cartoon
Post 445,Nose
Post 445,Line
Post 445,Illustration
Post 445,Hand
Post 445,Finger
Post 445,Fictional character
Post 445,Fiction
Post 446,Cartoon
Post 446,Nose
Post 446,Line
Post 446,Comics
Post 446,Illustration
Post 446,Fictional character
Post 446,Parallel
Post 446,Fiction
Post 446,Photo caption
Post 446,Art
Post 447,Text
Post 447,Line
Post 447,Font
Post 447,Parallel
Post 447,Screenshot
Post 448,Text
Post 448,Diagram
Post 448,Line
Post 448,Parallel
Post 448,Font
Post 449,Text
Post 449,Line
Post 449,Font
Post 449,Parallel
Post 449,Rectangle
Post 450,Green
Post 450,Text
Post 450,Diagram
Post 450,Line
Post 450,Font
Post 450,Logo
Post 450,Brand
Post 450,Graphics
Post 450,Plant
Post 450,Circle
Post 451,Line
Post 452,Text
Post 452,Line
Post 452,Map
Post 452,Font
Post 453,Colorfulness
Post 453,Line
Post 453,Diagram
Post 453,Circle
Post 453,Plot
Post 453,Parallel
Post 453,Symmetry
Post 454,Yellow
Post 454,Standing
Post 454,Arm
Post 454,Shoulder
Post 454,Outerwear
Post 454,Neck
Post 454,T-shirt
Post 454,Sleeve
Post 455,Text
Post 455,Line
Post 455,Diagram
Post 455,Circle
Post 455,Parallel
Post 456,Product
Post 456,Electronics
Post 456,Technology
Post 456,Electronic device
Post 456,Rectangle
Post 456,Wireless router
Post 456,Gadget
Post 456,Wireless access point
Post 457,Text
Post 457,Orange
Post 457,Line
Post 457,Diagram
Post 457,Font
Post 457,Logo
Post 457,Electric blue
Post 457,Circle
Post 457,Brand
Post 458,Text
Post 458,Product
Post 458,Font
Post 458,Screenshot
Post 458,Technology
Post 458,Web page
Post 458,Website
Post 458,Electronic device
Post 458,Multimedia
Post 458,Logo
Post 459,Text
Post 459,Font
Post 459,Circle
Post 459,Logo
Post 459,Diagram
Post 459,Graphic design
Post 459,Graphics
Post 459,Brand
Post 459,Icon
Post 460,Text
Post 460,White
Post 460,Font
Post 460,Line
Post 460,Rectangle
Post 460,Parallel
Post 460,Black-and-white
Post 460,Number
Post 460,Design
Post 460,Diagram
Post 461,Photo caption
Post 461,Font
Post 461,Movie
Post 461,Fictional character
Post 461,Photography
Post 461,Internet meme
Post 461,Media
Post 462,Text
Post 462,Turquoise
Post 462,Font
Post 462,Line
Post 462,Teal
Post 462,Circle
Post 462,Smile
Post 462,Illustration
Post 463,Text
Post 463,Font
Post 463,Document
Post 464,Text
Post 464,Product
Post 464,Font
Post 464,Screenshot
Post 464,Web page
Post 464,Website
Post 464,Multimedia
Post 464,Software
Post 464,Technology
Post 464,Sky
Post 465,Text
Post 465,Line
Post 465,Font
Post 465,Parallel
Post 465,Number
Post 465,Slope
Post 466,Diagram
Post 466,Blue
Post 466,Circle
Post 466,Line
Post 466,Font
Post 466,Parallel
Post 466,Electric blue
Post 466,Plot
Post 466,Slope
Post 467,Art
Post 468,Text
Post 468,Diagram
Post 468,Circle
Post 469,Face
Post 469,Forehead
Post 469,Chin
Post 469,Official
Post 469,Portrait
Post 470,Text
Post 470,Circle
Post 471,Map
Post 471,World
Post 471,Diagram
Post 472,Text
Post 472,Line
Post 472,Slope
Post 472,Parallel
Post 472,Font
Post 472,Diagram
Post 472,Number
Post 472,Rectangle
Post 472,Plot
Post 473,Purple
Post 473,Pink
Post 473,Violet
Post 473,Cartoon
Post 473,Text
Post 473,Circle
Post 473,Lavender
Post 473,Magenta
Post 473,Font
Post 473,Line
Post 474,Green
Post 474,Frog
Post 474,Toad
Post 474,Amphibian
Post 474,Shrub frog
Post 474,Hyla
Post 474,True frog
Post 474,Tree frog
Post 474,Leaf
Post 474,Clip art
Post 475,Line
Post 476,Text
Post 476,Photo caption
Post 477,Font
Post 477,Text
Post 477,Line
Post 477,Graphic design
Post 477,Logo
Post 477,Brand
Post 477,Graphics
Post 478,Text
Post 478,Blue
Post 478,Line
Post 478,Font
Post 478,Plot
Post 478,Parallel
Post 478,Number
Post 478,Slope
Post 478,Diagram
Post 479,Text
Post 479,Line
Post 479,Plot
Post 479,Eyewear
Post 479,Font
Post 479,Diagram
Post 479,Wave
Post 479,Slope
Post 480,Cartoon
Post 480,Text
Post 480,Illustration
Post 480,Animated cartoon
Post 480,Art
Post 481,Text
Post 481,Line
Post 481,Font
Post 481,Diagram
Post 481,Parallel
Post 482,Display advertising
Post 483,Text
Post 483,Diagram
Post 483,Circle
Post 483,Font
Post 483,Logo
Post 484,Product
Post 484,T-shirt
Post 484,Job
Post 485,Text
Post 485,Font
Post 485,Diagram
Post 485,Line
Post 485,Circle
Post 486,Text
Post 486,Diagram
Post 486,Circle
Post 487,Text
Post 487,White
Post 487,Font
Post 487,Line
Post 487,Rectangle
Post 487,Parallel
Post 487,Number
Post 487,Black-and-white
Post 487,Design
Post 487,Diagram
Post 488,Line
Post 488,Text
Post 488,Diagram
Post 488,Slope
Post 488,Plot
Post 488,Parallel
Post 489,Text
Post 489,Line
Post 489,Font
Post 489,Diagram
Post 489,Parallel
Post 489,Circle
Post 489,Screenshot
Post 489,Logo
Post 491,Text
Post 491,Line
Post 491,Font
Post 492,Map
Post 492,World
Post 492,Illustration
Post 493,Blue
Post 493,Text
Post 493,Line
Post 493,Font
Post 493,Screenshot
Post 494,Text
Post 494,Line
Post 494,Font
Post 494,Parallel
Post 494,Number
Post 495,Text
Post 495,Line
Post 495,Parallel
Post 496,Text
Post 496,Diagram
Post 496,Line
Post 496,Plot
Post 496,Circle
Post 496,Parallel
Post 496,Colorfulness
Post 496,Symmetry
Post 497,Forehead
Post 497,Photography
Post 497,Fictional character
Post 497,Gesture
Post 498,Asphalt
Post 498,Road surface
Post 498,Tar
Post 498,Road
Post 498,Tree
Post 498,Font
Post 498,Rock
Post 498,Logo
Post 498,Vehicle
Post 499,Text
Post 499,Line
Post 499,Diagram
Post 499,Font
Post 499,Slope
Post 499,Parallel
Post 499,Triangle
Post 499,Illustration
Post 499,Brand
Post 500,Red
Post 500,Mouth
Post 500,Clip art
Post 501,Dish
Post 501,Food
Post 501,Cuisine
Post 501,Ingredient
Post 501,Comfort food
Post 501,Meal
Post 501,Produce
Post 501,Okonomiyaki
Post 501,Recipe
Post 501,Lunch
